strComposition,orgPredictions,repPredictions_seed0,repPredictions_seed1,repPredictions_seed15,repPredictions_seed42,repPredictions_seed58,repPredictions_seed66,repPredictions_seed73,repPredictions_seed152,repPredictions_seed982,repPredictions_seed8653,repPredictions_mean,repPredictions_min,repPredictions_max,repPredictions_mean_diff
ScHg4Cl7,1.26,2.1600039,2.3045007,2.3220187,2.0767464,2.1974578,0.15460128,2.2701556,2.1546557,2.2740176,0.94558986,1.8859747539999998,0.15460128,2.3220187,0.6259747539999998
V2Hg3Cl7,1.16,0.86445601,2.0983334,0.90541182,0.94251846,0.90047363,1.0278566,2.1807283,0.98250136,0.94904751,0.88204653,1.173337362,0.86445601,2.1807283,0.01333736200000013
Mn6CCl8,1.28,0.97904967,0.25104446,0.24915255,1.0151845,1.9743689,1.0171297,0.098847116,0.12320772,0.10642181,0.17259993,0.5987006355999999,0.098847116,1.9743689,0.6812993644000002
Hf4S11Cl2,1.11,0.094252493,0.14428861,0.24732651,0.92500969,0.11651193,0.13487223,0.064205811,0.12822518,0.12201305,1.0715883,0.3048293804,0.064205811,1.0715883,0.8051706196000001
VCu5Cl9,1.19,0.8261203,1.1519107,0.96029855,1.1424057,0.91660108,0.94989436,0.97336115,1.0218072,0.96194198,1.2553822,1.015972322,0.8261203,1.2553822,0.17402767799999985
