684,559,629,192,835,763,707,359,9,723,Composition,Class,Mean,Std,Min,Max,Max-Min
1.5987685,1.5987685,1.5987685,1.5987685,1.5987685,1.5987685,1.5987685,1.5987685,1.5987685,1.5987685,ScHg4Cl7,1.26,1.5987685,1.2565762e-07,1.5987685,1.5987685,0.0
0.7889993,0.7889993,0.7889993,0.7889993,0.7889993,0.7889993,0.7889993,0.7889993,0.7889993,0.7889993,V2Hg3Cl7,1.19,0.7889994,6.282881e-08,0.7889993,0.7889993,0.0
1.2018558,1.2018558,1.2018558,1.2018558,1.2018558,1.2018558,1.2018558,1.2018558,1.2018558,1.2018558,Mn6CCl8,1.16,1.2018558,0.0,1.2018558,1.2018558,0.0
0.5775628,0.5775628,0.5775628,0.5775628,0.5775628,0.5775628,0.5775628,0.5775628,0.5775628,0.5775628,Hf4S11Cl2,1.28,0.5775628,0.0,0.5775628,0.5775628,0.0
1.1203467,1.1203467,1.1203467,1.1203467,1.1203467,1.1203467,1.1203467,1.1203467,1.1203467,1.1203467,VCu5Cl9,1.11,1.1203468,1.2565762e-07,1.1203467,1.1203467,0.0
