684,559,629,192,835,763,707,359,9,723,Composition,Class,Mean,Std,Min,Max,Max-Min
1.8111900000000003,1.5813300000000001,1.7852599999999992,1.7836899999999998,1.6406599999999996,1.7302900000000003,1.6076700000000006,1.6150900000000001,1.7274699999999998,1.57387,ScHg4Cl7,1.26,1.685652,0.09158908969473975,1.57387,1.8111900000000003,0.2373200000000002
1.0404399999999996,1.122049999999999,1.0965199999999997,1.0125,1.0358799999999995,0.8601799999999998,1.1805399999999993,0.9710599999999995,1.15529,1.1461099999999995,V2Hg3Cl7,1.19,1.0620569999999998,0.09844659139181328,0.8601799999999998,1.1805399999999993,0.3203599999999994
0.8807699999999997,1.0673799999999993,0.9887199999999997,0.9248099999999995,0.9371799999999999,0.86973,0.9853099999999998,0.9874999999999998,1.0539199999999997,0.88016,Mn6CCl8,1.16,0.9575479999999997,0.07076767322254784,0.86973,1.0673799999999993,0.19764999999999933
0.9828400000000004,0.9593299999999998,1.0668400000000007,0.9181900000000003,1.0781700000000007,0.98129,0.8663299999999998,0.8453900000000003,0.9925700000000001,0.9110399999999998,Hf4S11Cl2,1.28,0.9601990000000002,0.07707817149563904,0.8453900000000003,1.0781700000000007,0.23278000000000043
0.6593699999999997,0.6768899999999999,0.5877499999999998,0.6418799999999999,0.50121,0.7244000000000002,0.56239,0.6142899999999998,0.6155599999999999,0.59358,VCu5Cl9,1.11,0.617732,0.06265735565580291,0.50121,0.7244000000000002,0.2231900000000001
